fold,mae,r2
1,0.012016314081847668,0.9791985154151917
2,0.020998988300561905,0.9434853196144104
3,0.0244020726531744,0.881088137626648
4,0.012396187521517277,0.978215754032135
5,0.01554198656231165,0.9694864749908447
