model,mae_mean,mae_std,r2_mean,r2_std
RF Baseline,0.0297011899358626,0.009942756179307668,0.7883905608728592,0.13706696789290065
1D-CNN,0.016759133525192697,0.003912343788137437,0.9486479997634888,0.041626082991777495
BiLSTM,0.011804142966866441,0.0017855647663081392,0.9723861694335938,0.018566850934489256
