model,mae_mean,mae_std,r2_mean,r2_std
RF Baseline,0.0297011899358626,0.009942756179307668,0.7883905608728592,0.13706696789290065
1D-CNN,0.01707110982388254,0.005452415102684879,0.950294840335846,0.04128939321361462
BiLSTM,0.011926552467048119,0.001614950890064312,0.9772728323936463,0.007931664790257741
