fold,mae,r2
1,0.011666443198919296,0.9786967635154724
2,0.015065927989780903,0.9726749062538147
3,0.021890094503760338,0.8774299621582031
4,0.019123990088701248,0.9464543461799622
5,0.016049211844801903,0.9679840207099915
