fold,mae,r2
1,0.010143176652491093,0.98377925157547
2,0.010438558645546436,0.9861167669296265
3,0.013898178935050964,0.9693599939346313
4,0.012185442261397839,0.9690360426902771
5,0.012967405840754509,0.9780721068382263
