fold,mae,r2
1,0.014312947168946266,0.9409956336021423
2,0.01093388069421053,0.9741815328598022
3,0.012245960533618927,0.9756613373756409
4,0.009471221826970577,0.9896219968795776
5,0.012056704610586166,0.9814703464508057
