fold,mae,r2
1,0.03768411231604782,0.6602264342082995
2,0.021437330704468942,0.9175407255784718
3,0.040299909708105326,0.627514303537862
4,0.017547514717895667,0.9094452500311122
5,0.0315370822327954,0.8272260910085503
