config,mae_mean,mae_std,r2_mean,r2_std
Angles only,0.01742109637707472,0.005100483410724693,0.9032588481903077,0.08883464278905538
"Full [60,8]",0.014457849226891995,0.0028876270434144086,0.9463633179664612,0.04353773510943959
