dataset,mean_score,std_score,n_reps
synthetic,0.783280074596405,0.11976619064807892,720
real,0.7487261891365051,0.0979342982172966,61
